id	post_id	COALESCE(TO_BASE64(a.description),'')
189	59	
190	60	
191	61	
192	62	
193	63	
194	64	
195	65	
196	66	
197	67	
198	68	
199	69	
200	70	
201	71	
202	72	
203	73	
204	74	
205	75	
206	76	
207	77	
208	78	
209	79	
210	80	
211	81	
212	82	
213	83	
214	84	
215	85	
216	86	
217	87	
218	88	
219	89	
220	90	
221	91	
222	92	
223	93	
224	94	
225	95	
226	96	
227	97	
228	98	
229	99	
230	100	
231	101	
232	102	
233	103	
234	104	
235	105	
236	106	
237	107	
238	108	
239	109	
240	110	
241	111	
242	112	
243	113	
244	114	
245	115	
246	116	
247	117	
248	118	
249	119	
250	120	
251	121	
252	122	
253	123	
254	124	
255	125	
256	126	
257	127	
258	260	
259	261	
260	262	
261	263	
262	264	
263	265	
264	266	
265	267	
266	268	
267	269	
268	270	
269	271	
270	272	
271	273	
272	274	
273	275	
274	276	
275	277	
276	278	
277	279	
278	280	
279	281	
280	282	
281	283	
282	284	
283	285	
284	286	
285	287	
286	288	
287	289	
288	290	
289	291	
290	292	
291	293	
292	294	
293	295	
294	296	
295	297	
296	298	
297	299	
298	300	
299	301	
300	302	
301	303	
302	304	
303	305	
304	306	
305	307	
306	308	
307	309	
308	310	
309	311	
310	312	
311	313	

