59	BTS	144	2026/05/bts.jpg
60	BLACKPINK	147	2026/05/blackpink.jpg
61	TWICE	1759	2026/05/61_hero.jpg
62	NewJeans	146	2026/05/newjeans-scaled.jpg
63	IVE	145	2026/05/ive-scaled.png
64	aespa	1760	2026/05/64_hero.jpg
65	LE SSERAFIM	1761	2026/05/65_hero.jpg
66	ILLIT	1762	2026/05/66_hero.jpg
67	ITZY	1763	2026/05/67_hero.jpg
68	Red Velvet	1764	2026/05/68_hero.jpg
69	MAMAMOO	1765	2026/05/69_hero.jpg
70	Girls' Generation	1766	2026/05/70_hero.jpg
71	STAYC	1767	2026/05/71_hero.jpg
72	I-dle	1768	2026/05/72_hero.jpg
73	KISS OF LIFE	1769	2026/05/73_hero.jpg
74	BABYMONSTER	1770	2026/05/74_hero.jpg
75	NMIXX	1771	2026/05/75_hero.jpg
76	VIVIZ	1772	2026/05/76_hero.jpg
77	LOONA	1773	2026/05/77_hero.jpg
78	fromis_9	1774	2026/05/78_hero.jpg
79	SEVENTEEN	1775	2026/05/79_hero.jpg
80	NCT	143	2026/05/nct-scaled.png
81	NCT DREAM	1776	2026/05/81_hero.jpg
82	NCT 127	1777	2026/05/82_hero.jpg
83	ENHYPEN	1778	2026/05/83_hero.jpg
84	Stray Kids	1779	2026/05/84_hero.jpg
85	ATEEZ	1780	2026/05/85_hero.jpg
86	TXT	1781	2026/05/86_hero.jpg
87	THE BOYZ	1782	2026/05/87_hero.jpg
88	EXO	1783	2026/05/88_hero.jpg
89	SUPER JUNIOR	1784	2026/05/89_hero.jpg
90	BIGBANG	1785	2026/05/90_hero.jpg
91	SHINee	1786	2026/05/91_hero.jpg
92	GOT7	1787	2026/05/92_hero.jpg
93	MONSTA X	1788	2026/05/93_hero.jpg
94	Wanna One	1789	2026/05/94_hero.jpg
95	INFINITE	1790	2026/05/95_hero.jpg
96	DAY6	1791	2026/05/96_hero.jpg
97	PENTAGON	1792	2026/05/97_hero.jpg
98	RIIZE	1793	2026/05/98_hero.jpg
99	ZEROBASEONE	1794	2026/05/99_hero.jpg
100	BOYNEXTDOOR	1701	2026/05/100_hero.jpg
101	TWS	1702	2026/05/101_hero.jpg
102	PLAVE	1703	2026/05/102_hero.jpg
103	WayV	1704	2026/05/103_hero.jpg
104	SuperM	1705	2026/05/104_hero.jpg
105	2PM	1706	2026/05/105_hero.jpg
106	2NE1	1707	2026/05/106_hero.jpg
107	Weeekly	1708	2026/05/107_hero.jpg
108	Kep1er	1709	2026/05/108_hero.jpg
109	IZ*ONE	1710	2026/05/109_hero.jpg
110	OH MY GIRL	1711	2026/05/110_hero.jpg
111	Apink	1712	2026/05/111_hero.jpg
112	GFRIEND	1713	2026/05/112_hero.jpg
113	Chungha	1795	2026/05/113_hero.jpg
114	Taeyeon	1796	2026/05/114_hero.jpg
115	IU	1797	2026/05/115_hero.jpg
116	Jihyo	1798	2026/05/116_hero.jpg
117	Jennie	1799	2026/05/117_hero.jpg
118	Rosé	1800	2026/05/118_hero.jpg
119	LISA	1801	2026/05/119_hero.jpg
120	Jisoo	1802	2026/05/120_hero.jpg
121	Jungkook	1803	2026/05/121_hero.jpg
122	Jimin	1804	2026/05/122_hero.jpg
123	V	1805	2026/05/123_hero.jpg
124	Agust D	1806	2026/05/124_hero.jpg
125	WOODZ	1807	2026/05/125_hero.jpg
126	Park Ji Hoon	1808	2026/05/126_hero.jpg
127	Jang Won Young	1809	2026/05/127_hero.jpg
260	MOMOLAND	1714	2026/05/260_hero.jpg
261	東方神起 (TVXQ)	1715	2026/05/261_hero.jpg
262	SAY MY NAME	1716	2026/05/262_hero.jpg
263	ジェジュン (Jaejoong)	1810	2026/05/263_hero.jpg
264	NCT WISH	1717	2026/05/264_hero.jpg
265	&TEAM	1718	2026/05/265_hero.jpg
266	TREASURE	1719	2026/05/266_hero.jpg
267	Hearts2Hearts	1720	2026/05/267_hero.jpg
268	CORTIS	1721	2026/05/268_hero.jpg
269	izna	1722	2026/05/269_hero.jpg
270	ALLDAY PROJECT	1723	2026/05/270_hero.jpg
271	MEOVV	1724	2026/05/271_hero.jpg
272	KiiiKiii	1725	2026/05/272_hero.jpg
273	NEXZ	1726	2026/05/273_hero.jpg
274	BADVILLAIN	1727	2026/05/274_hero.jpg
275	QWER	1728	2026/05/275_hero.jpg
276	tripleS	1729	2026/05/276_hero.jpg
277	ARTMS	1730	2026/05/277_hero.jpg
278	Billlie	1731	2026/05/278_hero.jpg
279	FIFTY FIFTY	1732	2026/05/279_hero.jpg
280	Loossemble	1733	2026/05/280_hero.jpg
281	UNIS	1734	2026/05/281_hero.jpg
282	Lapillus	1735	2026/05/282_hero.jpg
283	P1Harmony	1736	2026/05/283_hero.jpg
284	Xdinary Heroes	1737	2026/05/284_hero.jpg
285	CRAVITY	1738	2026/05/285_hero.jpg
286	AB6IX	1739	2026/05/286_hero.jpg
287	Golden Child	1740	2026/05/287_hero.jpg
288	CIX	1741	2026/05/288_hero.jpg
289	ONF	1742	2026/05/289_hero.jpg
290	KARA	1743	2026/05/290_hero.jpg
291	Wonder Girls	1744	2026/05/291_hero.jpg
292	f(x)	1745	2026/05/292_hero.jpg
293	SISTAR	1746	2026/05/293_hero.jpg
294	miss A	1747	2026/05/294_hero.jpg
295	Highlight	1748	2026/05/295_hero.jpg
296	BTOB	1749	2026/05/296_hero.jpg
297	VIXX	1750	2026/05/297_hero.jpg
298	T-ara	1751	2026/05/298_hero.jpg
299	EXID	1752	2026/05/299_hero.jpg
300	AOA	1753	2026/05/300_hero.jpg
301	Brown Eyed Girls	1754	2026/05/301_hero.jpg
302	Girl's Day	1755	2026/05/302_hero.jpg
303	Block B	1756	2026/05/303_hero.jpg
304	B1A4	1757	2026/05/304_hero.jpg
305	Taemin	1811	2026/05/305_hero.jpg
306	BoA	1812	2026/05/306_hero.jpg
307	Sunmi	1813	2026/05/307_hero.jpg
308	HyunA	1814	2026/05/308_hero.jpg
309	Zico	1815	2026/05/309_hero.jpg
310	Crush	1816	2026/05/310_hero.jpg
311	DEAN	1817	2026/05/311_hero.jpg
312	BIBI	1818	2026/05/312_hero.jpg
313	AKMU	1758	2026/05/313_hero.jpg

