59	BTS	153	2026/05/59_logo_emblem.png
60	BLACKPINK	152	2026/05/60_logo.png
61	TWICE	758	2026/05/61_logo.png
62	NewJeans	151	2026/05/62_logo.png
63	IVE	150	2026/05/63_logo.png
64	aespa	759	2026/05/64_logo.png
65	LE SSERAFIM	760	2026/05/65_logo.png
66	ILLIT	682	2026/05/66_logo.png
67	ITZY	222	2026/05/67_logo.png
68	Red Velvet	223	2026/05/68_logo.png
69	MAMAMOO	374	2026/05/69_logo.png
70	Girls' Generation	257	2026/05/70_logo.png
71	STAYC	683	2026/05/71_logo.png
72	I-dle	149	2026/05/72_logo.png
74	BABYMONSTER	761	2026/05/74_logo.png
75	NMIXX	684	2026/05/75_logo.png
76	VIVIZ	685	2026/05/76_logo.png
77	LOONA	686	2026/05/77_logo.png
78	fromis_9	762	2026/05/78_logo.png
80	NCT	763	2026/05/80_logo.png
81	NCT DREAM	258	2026/05/81_logo.png
82	NCT 127	224	2026/05/82_logo.png
83	ENHYPEN	220	2026/05/83_logo.png
84	Stray Kids	764	2026/05/84_logo.png
85	ATEEZ	377	2026/05/85_logo.png
86	TXT	221	2026/05/86_logo.png
87	THE BOYZ	687	2026/05/87_logo.png
88	EXO	256	2026/05/88_logo.png
90	BIGBANG	1192	2026/05/90_logo.png
91	SHINee	765	2026/05/91_logo.png
92	GOT7	375	2026/05/92_logo.png
93	MONSTA X	376	2026/05/93_logo.png
96	DAY6	688	2026/05/96_logo.png
97	PENTAGON	689	2026/05/97_logo.png
98	RIIZE	690	2026/05/98_logo.png
99	ZEROBASEONE	259	2026/05/99_logo.png
100	BOYNEXTDOOR	735	2026/05/100_logo.png
101	TWS	736	2026/05/101_logo.png
103	WayV	662	2026/05/103_logo.png
106	2NE1	663	2026/05/106_logo.png
107	Weeekly	664	2026/05/107_logo.png
108	Kep1er	737	2026/05/108_logo.png
109	IZ*ONE	665	2026/05/109_logo.png
110	OH MY GIRL	666	2026/05/110_logo.png
111	Apink	667	2026/05/111_logo.png
112	GFRIEND	668	2026/05/112_logo.png
113	Chungha	1268	2026/05/113_logo.png
114	Taeyeon	1269	2026/05/114_logo.png
115	IU	1270	2026/05/115_logo.png
116	Jihyo	1271	2026/05/116_logo.png
117	Jennie	1272	2026/05/117_logo.png
118	Rosé	1273	2026/05/118_logo.png
119	LISA	1274	2026/05/119_logo.png
120	Jisoo	1275	2026/05/120_logo.png
121	Jungkook	1276	2026/05/121_logo.png
122	Jimin	1277	2026/05/122_logo.png
123	V	1278	2026/05/123_logo.png
124	Agust D	1279	2026/05/124_logo.png
125	WOODZ	1280	2026/05/125_logo.png
126	Park Ji Hoon	1281	2026/05/126_logo.png
127	Jang Won Young	1282	2026/05/127_logo.png
263	ジェジュン (Jaejoong)	1283	2026/05/263_logo.png
264	NCT WISH	738	2026/05/264_logo.png
265	&TEAM	1189	2026/05/265_logo.png
266	TREASURE	1191	2026/05/266_logo.png
267	Hearts2Hearts	739	2026/05/267_logo.png
268	CORTIS	740	2026/05/268_logo.png
269	izna	741	2026/05/269_logo.png
270	ALLDAY PROJECT	669	2026/05/270_logo.png
271	MEOVV	742	2026/05/271_logo.png
273	NEXZ	670	2026/05/273_logo.png
274	BADVILLAIN	743	2026/05/274_logo.png
275	QWER	744	2026/05/275_logo.png
276	tripleS	671	2026/05/276_logo.png
277	ARTMS	672	2026/05/277_logo.png
278	Billlie	673	2026/05/278_logo.png
279	FIFTY FIFTY	674	2026/05/279_logo.png
280	Loossemble	675	2026/05/280_logo.png
281	UNIS	676	2026/05/281_logo.png
282	Lapillus	677	2026/05/282_logo.png
283	P1Harmony	678	2026/05/283_logo.png
284	Xdinary Heroes	745	2026/05/284_logo.png
285	CRAVITY	679	2026/05/285_logo.png
286	AB6IX	746	2026/05/286_logo.png
287	Golden Child	747	2026/05/287_logo.png
288	CIX	680	2026/05/288_logo.png
289	ONF	681	2026/05/289_logo.png
291	Wonder Girls	748	2026/05/291_logo.png
293	SISTAR	749	2026/05/293_logo.png
296	BTOB	750	2026/05/296_logo.png
297	VIXX	751	2026/05/297_logo.png
298	T-ara	752	2026/05/298_logo.png
299	EXID	753	2026/05/299_logo.png
300	AOA	754	2026/05/300_logo.png
301	Brown Eyed Girls	755	2026/05/301_logo.png
302	Girl's Day	756	2026/05/302_logo.png
304	B1A4	757	2026/05/304_logo.png
305	Taemin	1284	2026/05/305_logo.png
306	BoA	1285	2026/05/306_logo.png
307	Sunmi	1287	2026/05/307_logo.png
308	HyunA	1288	2026/05/308_logo.png
309	Zico	1289	2026/05/309_logo.png
310	Crush	1290	2026/05/310_logo.png
311	DEAN	1291	2026/05/311_logo.png
312	BIBI	1292	2026/05/312_logo.png

