ID,start,end
5584,"2026-04-24 00:00:00","2026-06-24 23:59:59"
3231,"2026-04-28 00:00:00","2026-07-31 23:59:59"
5577,"2026-04-30 00:00:00","2026-06-10 23:59:59"
3241,"2026-05-01 00:00:00","2026-10-31 23:59:59"
5544,"2026-05-01 00:00:00","2026-06-18 23:59:59"
5573,"2026-05-01 00:00:00","2026-05-30 23:59:59"
5575,"2026-05-01 00:00:00","2026-05-31 23:59:59"
5581,"2026-05-01 00:00:00","2026-05-31 23:59:59"
5588,"2026-05-01 00:00:00","2026-06-28 23:59:59"
5572,"2026-05-05 00:00:00","2026-06-30 23:59:59"
5576,"2026-05-05 00:00:00","2026-06-30 23:59:59"
5579,"2026-05-07 00:00:00","2026-05-31 23:59:59"
5571,"2026-05-08 00:00:00","2026-07-09 23:59:59"
5559,"2026-05-12 00:00:00","2026-06-14 23:59:59"
5566,"2026-05-13 00:00:00","2026-05-31 23:59:59"
5574,"2026-05-14 00:00:00","2026-05-31 23:59:59"
5582,"2026-05-14 00:00:00","2026-06-28 23:59:59"
3244,"2026-05-15 00:00:00","2026-05-31 23:59:59"
5542,"2026-05-15 00:00:00","2026-06-04 23:59:59"
5543,"2026-05-15 00:00:00","2026-06-04 23:59:59"
5551,"2026-05-15 00:00:00","2026-05-31 23:59:59"
5552,"2026-05-15 00:00:00","2026-05-31 23:59:59"
5580,"2026-05-16 00:00:00","2026-06-14 23:59:59"
5534,"2026-05-18 00:00:00","2026-05-31 23:59:59"
5558,"2026-05-18 00:00:00","2026-06-30 23:59:59"
5541,"2026-05-20 00:00:00","2026-05-31 23:59:59"
3261,"2026-05-21 00:00:00","2026-06-13 23:59:59"
5539,"2026-05-21 00:00:00","2026-05-31 23:59:59"
5554,"2026-05-21 00:00:00","2026-05-31 23:59:59"
5563,"2026-05-21 00:00:00","2026-06-03 23:59:59"
5564,"2026-05-21 00:00:00","2026-06-03 23:59:59"
5593,"2026-05-21 00:00:00","2026-07-22 23:59:59"
5594,"2026-05-21 00:00:00","2026-05-31 23:59:59"
3223,"2026-05-22 00:00:00","2026-05-31 23:59:59"
3251,"2026-05-22 00:00:00","2026-06-07 23:59:59"
3276,"2026-05-22 00:00:00","2026-06-07 23:59:59"
3281,"2026-05-22 00:00:00","2026-06-07 23:59:59"
3291,"2026-05-22 00:00:00","2026-06-10 23:59:59"
5531,"2026-05-22 00:00:00","2026-06-02 23:59:59"
5556,"2026-05-22 00:00:00","2026-06-10 23:59:59"
5560,"2026-05-22 00:00:00","2026-06-04 23:59:59"
5608,"2026-05-22 00:00:00","2026-06-10 23:59:59"
3216,"2026-05-23 00:00:00","2026-06-21 23:59:59"
5533,"2026-05-23 00:00:00","2026-06-02 23:59:59"
5561,"2026-05-23 00:00:00","2026-06-03 23:59:59"
5562,"2026-05-23 00:00:00","2026-06-03 23:59:59"
5553,"2026-05-25 00:00:00","2026-05-31 23:59:59"
5610,"2026-05-25 00:00:00","2026-06-09 23:59:59"
5611,"2026-05-25 00:00:00","2026-06-22 23:59:59"
5614,"2026-05-25 00:00:00","2026-06-09 23:59:59"
5615,"2026-05-25 00:00:00","2026-06-09 23:59:59"
3210,"2026-05-26 00:00:00","2026-06-11 23:59:59"
3214,"2026-05-26 00:00:00","2026-06-11 23:59:59"
3256,"2026-05-26 00:00:00","2026-06-13 23:59:59"
3310,"2026-05-26 00:00:00","2026-06-07 23:59:59"
5536,"2026-05-26 00:00:00","2026-05-31 23:59:59"
3227,"2026-05-27 00:00:00","2026-06-02 23:59:59"
3237,"2026-05-27 00:00:00","2026-05-31 23:59:59"
5532,"2026-05-27 00:00:00","2026-06-02 23:59:59"
5609,"2026-05-27 00:00:00","2026-05-30 23:59:59"
5613,"2026-05-27 00:00:00","2026-06-01 23:59:59"
3233,"2026-05-28 00:00:00","2026-06-21 23:59:59"
5528,"2026-05-28 00:00:00","2026-06-03 23:59:59"
5592,"2026-05-28 00:00:00","2026-05-31 23:59:59"
5601,"2026-05-28 00:00:00","2026-05-31 23:59:59"
5521,"2026-05-29 00:00:00","2026-06-04 23:59:59"
5527,"2026-05-29 00:00:00","2026-06-30 23:59:59"
5545,"2026-05-29 00:00:00","2026-05-30 23:59:59"
5550,"2026-05-29 00:00:00","2026-06-07 23:59:59"
5557,"2026-05-29 00:00:00","2026-05-31 23:59:59"
5583,"2026-05-29 00:00:00","2026-06-07 23:59:59"
5604,"2026-05-29 00:00:00","2026-06-11 23:59:59"
5605,"2026-05-29 00:00:00","2026-05-30 23:59:59"
5606,"2026-05-29 00:00:00","2026-06-07 23:59:59"
3212,"2026-05-30 00:00:00","2026-05-31 23:59:59"
3235,"2026-05-30 00:00:00","2026-06-01 23:59:59"
3286,"2026-05-30 00:00:00","2026-05-31 23:59:59"
5523,"2026-05-30 00:00:00","2026-06-07 23:59:59"
5549,"2026-05-30 00:00:00","2026-06-07 23:59:59"
5607,"2026-05-30 00:00:00","2026-05-31 23:59:59"
5612,"2026-05-30 00:00:00","2026-05-31 23:59:59"
5603,"2026-05-31 00:00:00","2026-05-31 23:59:59"
5600,"2026-06-01 00:00:00","2026-06-14 23:59:59"
5599,"2026-06-02 00:00:00","2026-06-03 23:59:59"
5596,"2026-06-03 00:00:00","2026-06-21 23:59:59"
5529,"2026-06-04 00:00:00","2026-06-18 23:59:59"
5597,"2026-06-04 00:00:00","2026-06-14 23:59:59"
3221,"2026-06-05 00:00:00","2026-06-06 23:59:59"
5530,"2026-06-05 00:00:00","2027-05-31 23:59:59"
3299,"2026-06-07 00:00:00","2026-06-07 23:59:59"
5595,"2026-06-10 00:00:00","2026-06-14 23:59:59"
3218,"2026-06-12 00:00:00","2026-06-13 23:59:59"
3239,"2026-06-12 00:00:00","2026-06-24 23:59:59"
5585,"2026-06-13 00:00:00","2026-06-14 23:59:59"
5587,"2026-06-15 00:00:00","2026-06-29 23:59:59"
5547,"2026-06-18 00:00:00","2026-07-05 23:59:59"
5568,"2026-06-19 00:00:00","2026-11-01 23:59:59"
5598,"2026-06-25 00:00:00","2026-08-09 23:59:59"
3320,"2026-06-27 00:00:00","2026-09-27 23:59:59"
5602,"2026-06-27 00:00:00","2026-06-27 23:59:59"
5546,"2026-07-09 00:00:00","2026-08-23 23:59:59"
